{
  "CounterData": {
    "PollCount": 1089180
  },
  "GaugeData": {
    "Alloc": 1553432,
    "BuckHashSys": 3317,
    "Frees": 7975,
    "GCCPUFraction": 0.000014700637778869266,
    "GCSys": 2445808,
    "HeapAlloc": 1553432,
    "HeapIdle": 5644288,
    "HeapInuse": 2326528,
    "HeapObjects": 971,
    "HeapReleased": 2850816,
    "HeapSys": 7970816,
    "LastGC": 1734893291733074000,
    "Lookups": 0,
    "MCacheInuse": 9600,
    "MCacheSys": 15600,
    "MSpanInuse": 64480,
    "MSpanSys": 65280,
    "Mallocs": 8946,
    "NextGC": 4194304,
    "NumForcedGC": 0,
    "NumGC": 18,
    "OtherSys": 1446203,
    "PauseTotalNs": 3841875,
    "RandomValue": 0.784874677658081,
    "StackInuse": 393216,
    "StackSys": 393216,
    "Sys": 12340240,
    "TotalAlloc": 46757640
  }
}