{
  "CounterData": {
    "PollCount": 1088054
  },
  "GaugeData": {
    "Alloc": 1521760,
    "BuckHashSys": 7328,
    "Frees": 4417,
    "GCCPUFraction": 0.000019313601682722488,
    "GCSys": 2351328,
    "HeapAlloc": 1521760,
    "HeapIdle": 5636096,
    "HeapInuse": 2301952,
    "HeapObjects": 835,
    "HeapReleased": 2736128,
    "HeapSys": 7938048,
    "LastGC": 1730115998823292000,
    "Lookups": 0,
    "MCacheInuse": 9600,
    "MCacheSys": 15600,
    "MSpanInuse": 64480,
    "MSpanSys": 65280,
    "Mallocs": 5252,
    "NextGC": 4194304,
    "NumForcedGC": 0,
    "NumGC": 10,
    "OtherSys": 1012384,
    "PauseTotalNs": 2893625,
    "RandomValue": 0.31565386056900024,
    "StackInuse": 425984,
    "StackSys": 425984,
    "Sys": 11815952,
    "TotalAlloc": 26608256
  }
}