{
  "CounterData": {
    "PollCount": 1088924
  },
  "GaugeData": {
    "Alloc": 1353456,
    "BuckHashSys": 3315,
    "Frees": 225810,
    "GCCPUFraction": 0.000007275408927761608,
    "GCSys": 2690528,
    "HeapAlloc": 1353456,
    "HeapIdle": 5644288,
    "HeapInuse": 2252800,
    "HeapObjects": 3719,
    "HeapReleased": 3252224,
    "HeapSys": 7897088,
    "LastGC": 1739773397130893000,
    "Lookups": 0,
    "MCacheInuse": 9600,
    "MCacheSys": 15600,
    "MSpanInuse": 113920,
    "MSpanSys": 163200,
    "Mallocs": 229529,
    "NextGC": 4194304,
    "NumForcedGC": 0,
    "NumGC": 24,
    "OtherSys": 1078989,
    "PauseTotalNs": 16260171,
    "RandomValue": 0.2654268741607666,
    "StackInuse": 491520,
    "StackSys": 491520,
    "Sys": 12340240,
    "TotalAlloc": 76016304
  }
}