{
  "CounterData": {
    "PollCount": 1087258
  },
  "GaugeData": {
    "Alloc": 1520352,
    "BuckHashSys": 3317,
    "Frees": 1839,
    "GCCPUFraction": 0.00002098159365091272,
    "GCSys": 2429376,
    "HeapAlloc": 1520352,
    "HeapIdle": 5824512,
    "HeapInuse": 2244608,
    "HeapObjects": 863,
    "HeapReleased": 2883584,
    "HeapSys": 8069120,
    "LastGC": 1736502046623787000,
    "Lookups": 0,
    "MCacheInuse": 9600,
    "MCacheSys": 15600,
    "MSpanInuse": 54240,
    "MSpanSys": 65280,
    "Mallocs": 2702,
    "NextGC": 4194304,
    "NumForcedGC": 0,
    "NumGC": 4,
    "OtherSys": 938347,
    "PauseTotalNs": 1492877,
    "RandomValue": 0.1645299196243286,
    "StackInuse": 294912,
    "StackSys": 294912,
    "Sys": 11815952,
    "TotalAlloc": 11526904
  }
}